epoch,train_loss,train_acc,train_avg_acc,validation_loss,validation_acc,validation_avg_acc,time
0, 2.8941382227333947, 0.36988847583643125, 0.2031033783605487, 2.3634659412235246, 0.5541711809317443, 0.33931761901077817, 9.421299695968628
1, 2.479513151494987, 0.5154507434944238, 0.33314076428550166, 2.1084506577556854, 0.6793066088840737, 0.49074284354143954, 9.211620569229126
