epoch,train_loss,train_acc,train_avg_acc,validation_loss,validation_acc,validation_avg_acc,time
0, 2.63898318717914, 0.4642193308550186, 0.29393169788357315, 2.033734372222669, 0.71397616468039, 0.5361806182426789, 41.444652795791626
1, 2.162870988083595, 0.6528810408921933, 0.4883834799550589, 1.8482552734511386, 0.7784398699891658, 0.623326533125043, 41.949564933776855
2, 2.0131624773089327, 0.7240938661710037, 0.5795863260344604, 1.7828439661379367, 0.8250270855904659, 0.7109725515292713, 42.135881423950195
3, 1.9424412605044568, 0.751974907063197, 0.6179010514355652, 1.7240377585782003, 0.8374864572047671, 0.7204108031560059, 41.59465789794922
4, 1.8900909122481222, 0.7777648698884758, 0.6579804067409365, 1.67752397796573, 0.8613217768147345, 0.7851672598519202, 42.09415817260742
5, 1.8406332434331618, 0.7961198884758365, 0.684227295219474, 1.6475402621768278, 0.8629469122426869, 0.7740520989547176, 42.03718161582947
6, 1.8140360444894954, 0.8058782527881041, 0.6991990463815057, 1.6497302982685755, 0.8743228602383532, 0.7872127411253709, 41.84250044822693
7, 1.7839285866478563, 0.8192379182156134, 0.7184684350343457, 1.6302014192806422, 0.8699891657638137, 0.7976466379177412, 42.040111780166626
8, 1.762122761804375, 0.8330622676579925, 0.742392318456318, 1.582643779747406, 0.8911159263271939, 0.8167411956611558, 42.20796799659729
