epoch,train_loss,train_acc,train_avg_acc,validation_loss,validation_acc,validation_avg_acc,time
0, 3.4261161978815644, 0.12808098591549297, 0.12794486215538847, 2.9210341676730636, 0.29469122426868904, 0.22796557049890262, 15.961035966873169
1, 2.9427461758465836, 0.2847711267605634, 0.28505995101389836, 2.6568045233853588, 0.4723726977248104, 0.37917326179512145, 16.295939207077026
